Workbook

Sheet Inventory Tracker
A1: E-commerce Inventory Tracker
A2: Portfolio sample using fictional inventory data
A4: SKU | B4: Product Name | C4: Category | D4: Supplier | E4: Unit Cost (₱) | F4: Stock Qty | G4: Reorder Level | H4: Stock Status | I4: Inventory Value (₱) | J4: Last Updated
A5: DRY-001 | B5: Dry Bag 20L | C5: Dry Bags | D5: OceanGear Supply | E5: 850 | F5: 24 | G5: 10 | H5: =IF(F5=0,"OUT OF STOCK",IF(F5<=G5,"REORDER","IN STOCK")) | I5: =E5*F5 | J5: 2026-10-01
A6: FIN-002 | B6: Adjustable Dive Fins | C6: Dive Gear | D6: AquaPro Asia | E6: 1450 | F6: 8 | G6: 10 | H6: =IF(F6=0,"OUT OF STOCK",IF(F6<=G6,"REORDER","IN STOCK")) | I6: =E6*F6 | J6: 2026-10-01
A7: MSK-003 | B7: Silicone Dive Mask | C7: Masks | D7: AquaPro Asia | E7: 980 | F7: 17 | G7: 8 | H7: =IF(F7=0,"OUT OF STOCK",IF(F7<=G7,"REORDER","IN STOCK")) | I7: =E7*F7 | J7: 2026-10-01
A8: SNK-004 | B8: Neoprene Socks | C8: Accessories | D8: Pacific Sports | E8: 520 | F8: 5 | G8: 8 | H8: =IF(F8=0,"OUT OF STOCK",IF(F8<=G8,"REORDER","IN STOCK")) | I8: =E8*F8 | J8: 2026-10-01
A9: LGT-005 | B9: Rechargeable Dive Light | C9: Equipment | D9: OceanGear Supply | E9: 2100 | F9: 12 | G9: 5 | H9: =IF(F9=0,"OUT OF STOCK",IF(F9<=G9,"REORDER","IN STOCK")) | I9: =E9*F9 | J9: 2026-10-01
A10: GLV-006 | B10: Neoprene Gloves | C10: Accessories | D10: Pacific Sports | E10: 690 | F10: 3 | G10: 6 | H10: =IF(F10=0,"OUT OF STOCK",IF(F10<=G10,"REORDER","IN STOCK")) | I10: =E10*F10 | J10: 2026-10-01
A11: REG-007 | B11: Dive Regulator Set | C11: Dive Gear | D11: AquaPro Asia | E11: 6200 | F11: 4 | G11: 3 | H11: =IF(F11=0,"OUT OF STOCK",IF(F11<=G11,"REORDER","IN STOCK")) | I11: =E11*F11 | J11: 2026-10-01
A12: BAG-008 | B12: Equipment Mesh Bag | C12: Bags | D12: OceanGear Supply | E12: 760 | F12: 14 | G12: 6 | H12: =IF(F12=0,"OUT OF STOCK",IF(F12<=G12,"REORDER","IN STOCK")) | I12: =E12*F12 | J12: 2026-10-01
A13: BCD-009 | B13: BCD Vest | C13: Dive Gear | D13: AquaPro Asia | E13: 8900 | F13: 2 | G13: 3 | H13: =IF(F13=0,"OUT OF STOCK",IF(F13<=G13,"REORDER","IN STOCK")) | I13: =E13*F13 | J13: 2026-10-01
A14: SPF-010 | B14: Reef Safe Sunscreen | C14: Care | D14: Pacific Sports | E14: 430 | F14: 31 | G14: 12 | H14: =IF(F14=0,"OUT OF STOCK",IF(F14<=G14,"REORDER","IN STOCK")) | I14: =E14*F14 | J14: 2026-10-01

Sheet Dashboard
A1: Inventory Dashboard
A3: Metric | B3: Value
A4: Total SKUs | B4: =COUNTA('Inventory Tracker'!A5:A14)
A5: Total Units | B5: =SUM('Inventory Tracker'!F5:F14)
A6: Inventory Value | B6: =SUM('Inventory Tracker'!I5:I14)
A7: Items to Reorder | B7: =COUNTIF('Inventory Tracker'!H5:H14,"REORDER")
A8: Out of Stock | B8: =COUNTIF('Inventory Tracker'!H5:H14,"OUT OF STOCK")
A11: How this sample demonstrates
A12: • Structured inventory records
A13: • Formula-based stock status
A14: • Automatic inventory value calculation
A15: • Reorder monitoring
A16: • Basic operational reporting
